event_id,title,category,fomo_section,status,date,day_of_week,month,location,source,url,notes,enriched
algorand-builders-berlin-agentic-commerce-x402-hackathon,Algorand Builders Berlin: Agentic Commerce x402 Hackathon,Opportunity,Top Events,confirmed,2026-06-06,Saturday,2026-06,"42 Berlin, Harzer Str. 42, 12059 Berlin",Luma,https://luma.com/agentic-commerce-hack,"$20,000 prizepool; 6-7 June",True
diversity-drinks,Diversity Drinks🍸🍹🍷🍾,Event,Daily Events,confirmed,2026-06-09,Tuesday,2026-06,Berlin,Luma,https://luma.com/s6ace0xk,approval required; SuperVenture/SuperReturn,True
ai-bbq-2026,AI & BBQ 2026,Event,Daily Events,confirmed,2026-06-09,Tuesday,2026-06,"Merantix AI Campus, Max-Urich-Straße 3, 13355 Berlin",Luma,https://luma.com/ztls1sjs,invite-only,True
superreturn-berlin-women-in-finance-group-side-event,SuperReturn Berlin Women in Finance Group Side event,Event,Daily Events,pending,2026-06-09,Tuesday,2026-06,Berlin,Luma,https://luma.com/864v5rn0,approval required,True
what-it-takes-to-get-funded-live-investor-q-a-w-maayan-teper,What It Takes to Get Funded: Live Investor Q&A w/ Maayan Teper,Event,Daily Events,pending,2026-06-09,Tuesday,2026-06,Online (Berlin Startup Founder 101),Meetup,https://www.meetup.com/berlin-startup-founder-101/events/314737240/,online webinar,True
business-netzwerken-berlin-in-moabit,Business Netzwerken Berlin in Moabit,Event,Daily Events,pending,2026-06-09,Tuesday,2026-06,"CI Space, Bugenhagenstraße 9, 10551 Berlin",Meetup,https://www.meetup.com/business-netzwerken-berlin/events/314690230/,German-only,True
coworking-at-gesundbrunnen,Coworking at Gesundbrunnen,Event,Daily Events,pending,2026-06-09,Tuesday,2026-06,"Moxy Berlin Humboldthain Park, Hochstraße 2, 13357 Berlin",Meetup,https://www.meetup.com/berlin-coworking-club/events/312626669/,recurring biweekly,True
the-breakfast-club-interface-capital-x-multiple-capital,The Breakfast Club — Interface Capital x Multiple Capital,Event,Daily Events,confirmed,2026-06-09,Tuesday,2026-06,Berlin,Luma,https://luma.com/6jnesz4p,approval required; during SuperVenture,True
retrieve-remember-reason-with-women-of-search,Retrieve. Remember. Reason - with Women of Search,Event,Daily Events,pending,2026-06-09,Tuesday,2026-06,"deepset GmbH, Zinnowitzer Str. 1, 10115 Berlin",Luma,https://luma.com/xrf6httx,approval required,True
event,https://www.instagram.com/p/DYrvI-ioO8j/,Event,Daily Events,pending,2026-06-09,Tuesday,2026-06,,Instagram,https://www.instagram.com/p/DYrvI-ioO8j/,Instagram login wall,False
female-health-founder-after-work,Female Health Founder After Work,Event,Daily Events,pending,2026-06-09,Tuesday,2026-06,"Mindspace Kurfürstendamm, Uhlandstraße 32, 10719 Berlin",Eventbrite,https://www.eventbrite.de/e/female-health-founder-after-work-tickets-1990229554172,,True
tech-truth-transparency-who-controls-berlin-s-tech-culture,"Tech, Truth & Transparency: Who Controls Berlin's Tech Culture?",Event,Daily Events,pending,2026-06-09,Tuesday,2026-06,"The Social Hub Berlin, Alexanderstraße 40, 10179 Berlin",Luma,https://luma.com/erce5ujj,,True
the-real-cost-of-hiring-decisions-globally-with-ai-or-withou,The Real Cost of Hiring Decisions Globally - With AI or Without,Event,Daily Events,pending,2026-06-09,Tuesday,2026-06,"MOIA GmbH, Alexanderufer 5, 10117 Berlin",Luma,https://luma.com/talent-d2tr,registration closed,True
the-supersalon-dinner,The SuperSalon Dinner,Event,Daily Events,confirmed,2026-06-09,Tuesday,2026-06,"Moritzplatz, Berlin",Luma,https://luma.com/superdinner,approval required,True
the-edge,The Edge,Event,Daily Events,confirmed,2026-06-09,Tuesday,2026-06,Berlin,Luma,https://luma.com/fomosupernight,approval required,True
responsible-and-impactful-ai-breakfast-super-venture,Responsible and Impactful AI Breakfast @ Super Venture,Event,Daily Events,pending,2026-06-09,Tuesday,2026-06,Berlin Mitte,Luma,https://luma.com/b80iofv7,private; approval required,True
super-sundowner-berlin,Super Sundowner Berlin,Event,Daily Events,confirmed,2026-06-09,Tuesday,2026-06,Berlin,Luma,https://luma.com/id8wx5z8,waitlist,True
super-climate-berlin,Super Climate Berlin,Event,Daily Events,confirmed,2026-06-09,Tuesday,2026-06,Berlin,Luma,https://luma.com/SC_Berlin,private; approval required; early June,True
superrun-berlin,SuperRun Berlin,Event,Daily Events,confirmed,2026-06-10,Wednesday,2026-06,Berlin (Zoologischer Garten area),Luma,https://luma.com/luarqn63,approval required,True
berlin-seo-content-club-12-x-idealo,Berlin SEO & Content Club #12 x idealo,Event,Daily Events,pending,2026-06-10,Wednesday,2026-06,"idealo internet GmbH, Zimmerstraße 50, 10117 Berlin",Luma,https://luma.com/event/evt-yogeuTXvrj73NHv,past event,True
flight-levels-flight-club-12,Flight Levels Flight Club #12,Event,Daily Events,pending,2026-06-10,Wednesday,2026-06,"ImmoScout24, Invalidenstraße 65, 10557 Berlin",Meetup,https://www.meetup.com/flight-levels-flight-club-berlin/events/314888162/,,True
walk-and-talk-finanzielle-freiheit-und-anlagestrategien,Walk and Talk: Finanzielle Freiheit und Anlagestrategien,Event,Daily Events,pending,2026-06-10,Wednesday,2026-06,"Botschaft der Republik Korea, Stülerstraße 8-10, 10787 Berlin",Meetup,https://www.meetup.com/aktienfueralle/events/313187937/,recurring,True
55-magento-stammtisch-berlin,55. Magento Stammtisch Berlin,Event,Daily Events,pending,2026-06-10,Wednesday,2026-06,"PHOENIX MEDIA Berlin GmbH, Landsberger Allee 53, 10249 Berlin",Meetup,https://www.meetup.com/magento-stammtisch-berlin/events/314176381/,,True
event-2,https://www.instagram.com/p/DY4F2HWi8PX/,Event,Daily Events,pending,2026-06-10,Wednesday,2026-06,,Instagram,https://www.instagram.com/p/DY4F2HWi8PX/,Instagram login wall,False
event-3,https://www.instagram.com/p/DY2RPUcseFT/,Event,Daily Events,pending,2026-06-10,Wednesday,2026-06,,Instagram,https://www.instagram.com/p/DY2RPUcseFT/,Instagram login wall,False
constant-pressure-thriving-in-the-start-up-bubble,Constant Pressure - Thriving in the Start-Up Bubble,Event,Daily Events,pending,2026-06-10,Wednesday,2026-06,"Factory Berlin Mitte, Rheinsberger Str. 76/77, Berlin",Luma,https://luma.com/p9awy8ny,,True
cafe-compute-meetup-berlin,Cafe Compute Meetup: Berlin,Event,Daily Events,pending,2026-06-10,Wednesday,2026-06,"Merantix AI Campus, Berlin",Luma,https://luma.com/cerebrasberlin,approval required,True
super-aperitivo-ii-by-pt1-carbon-equity-heliad-norrsken-and-,"Super Aperitivo II by PT1, Carbon Equity, HELIAD, Norrsken and FOMO",Event,Daily Events,confirmed,2026-06-10,Wednesday,2026-06,West Berlin,Luma,https://luma.com/superaperitivo2,private; approval required,True
ff010392ab905899c7660f00754d9f148f0360e5,https://gtlawinfo.com/rv/ff010392ab905899c7660f00754d9f148f0360e5,Event,Daily Events,confirmed,2026-06-10,Wednesday,2026-06,,Greenberg Traurig,https://gtlawinfo.com/rv/ff010392ab905899c7660f00754d9f148f0360e5,blocked (Greenberg Traurig redirect),False
escp-juni-investor-bbq-a-superreturn-week-garden-gathering,ESCP × JUNI Investor BBQ - A SuperReturn week garden gathering,Event,Daily Events,confirmed,2026-06-10,Wednesday,2026-06,"ESCP Business School Berlin, Heubnerweg 8-10, 14059 Berlin",Luma,https://luma.com/0bsn1r16,waitlist,True
techbio-aperitivo-planet-a-verve-redalpine,"TECHBIO APERITIVO | Planet A, Verve, Redalpine",Event,Daily Events,confirmed,2026-06-10,Wednesday,2026-06,,Gatsby,https://gatsby.events/planet-a/rsvp/register?e=techbio-aperitivo-i-planet-a-verve-ventures-redalpine,registration page,True
revenue-royale,Revenue Royale,Event,Daily Events,confirmed,2026-06-11,Thursday,2026-06,"Tipi am Kanzleramt, Berlin",Website,https://revenue-royale.de/en,invite-only gala,True
meet-the-gp-juliane-hahn-of-signature-ventures,Meet the GP: Juliane Hahn of Signature Ventures,Event,Daily Events,confirmed,2026-06-11,Thursday,2026-06,"Kramer, Neukölln, Berlin",Luma,https://luma.com/39935e65,private; approval required,True
grafanacon-local-meetup-berlin,GrafanaCON Local meetup: Berlin,Event,Daily Events,pending,2026-06-11,Thursday,2026-06,"SumUp Services GmbH, Koppenstraße 8, 10243 Berlin",Meetup,https://www.meetup.com/grafana-and-friends-berlin/events/313665964/,,True
ask-female-founders-from-bss-to-exit-in-three-years,Ask Female Founders: From BSS to Exit in Three Years,Event,Daily Events,pending,2026-06-11,Thursday,2026-06,Berlin (venue TBA),Meetup,https://www.meetup.com/berlin-digital-business-network-sibb/events/314748927/,,True
be-unique-dialog-mindful-unternehmertum-echte-vereinbarkeit,BE UNIQUE Dialog - Mindful Unternehmertum & echte Vereinbarkeit,Event,Daily Events,pending,2026-06-11,Thursday,2026-06,"Maschenfein Studio, Erasmusstraße 14, 10553 Berlin",Eventbrite,https://www.eventbrite.de/e/be-unique-dialog-mindful-unternehmertum-echte-vereinbarkeit-tickets-1983948997859,sold out,True
event-4,https://www.instagram.com/,Event,Daily Events,pending,2026-06-11,Thursday,2026-06,,Instagram,https://www.instagram.com/,Instagram home; no event,False
opus-berlin-founder-drinks,OPUS Berlin Founder Drinks,Event,Daily Events,pending,2026-06-11,Thursday,2026-06,Berlin,Luma,https://luma.com/px67mtws,approval required,True
ampli-summer-gathering-berlin-2026,Ampli Summer Gathering Berlin 2026,Event,Daily Events,confirmed,2026-06-11,Thursday,2026-06,Berlin Mitte (rooftop),Luma,https://luma.com/xvrsamdk,invite-only,True
event-5,https://www.instagram.com/p/DYg7rlqs6zw/,Event,Daily Events,pending,2026-06-11,Thursday,2026-06,,Instagram,https://www.instagram.com/p/DYg7rlqs6zw/,Instagram login wall,False
event-6,https://www.instagram.com/p/DZKtB6SDM99/,Event,Daily Events,pending,2026-06-11,Thursday,2026-06,,Instagram,https://www.instagram.com/p/DZKtB6SDM99/,Instagram login wall,False
sleek-art-space-exhibition-opening-fussball,SLEEK Art Space Exhibition Opening 'FUSSBALL',Event,Daily Events,confirmed,2026-06-11,Thursday,2026-06,"SLEEK Art Space, Alexanderstr. 7, 10178 Berlin",EventCreate,https://www.eventcreate.com/e/sleek-exhibition-opening-fussball,,True
ai-nation-founders-connect,AI NATION Founders Connect,Event,Daily Events,confirmed,2026-06-11,Thursday,2026-06,Berlin,Luma,https://luma.com/3s865hx7,registration closed,True
2362i40ejttqlzvdma75gia,https://2es6sk.share-eu1.hsforms.com/2362I40EJTtqlZVdMA75GIA,Event,Daily Events,pending,2026-06-11,Thursday,2026-06,,Website,https://2es6sk.share-eu1.hsforms.com/2362I40EJTtqlZVdMA75GIA,HubSpot form; no event content,False
superreturn-2026-houlihan-lokey,SuperReturn 2026 (Houlihan Lokey),Event,Daily Events,confirmed,2026-06-11,Thursday,2026-06,Berlin,Houlihan Lokey,https://events.hl.com/superreturn-2026/registration,blocked/empty; title from URL,True
dufte-berlin-superreturn-meets-art-basel,Dufte Berlin: SuperReturn meets Art Basel,Event,Daily Events,confirmed,2026-06-11,Thursday,2026-06,Berlin,Luma,https://luma.com/cduys7by,approval required,True
lean-coffee-for-managers-leaders,Lean Coffee for Managers & Leaders,Event,Daily Events,pending,2026-06-12,Friday,2026-06,"Cafe Neundrei, Monbijouplatz 2, Berlin",Meetup,https://www.meetup.com/berlin-lean-coffee/events/314815012/,recurring,True
coworking-at-alexanderplatz,Coworking at Alexanderplatz,Event,Daily Events,pending,2026-06-12,Friday,2026-06,"Alexanderplatz, Berlin",Meetup,https://www.meetup.com/berlin-coworking-club/events/312626681/,canceled,True
work-out-tune-in-retreat,Work Out & Tune In (Retreat),Event,Daily Events,confirmed,2026-06-12,Friday,2026-06,"Teupitz, Brandenburg",Website,https://www.elevateretreats.de/work-out-tune-in,12-14 June retreat,True
0qa06a,https://tally.so/r/0Qa06A,Event,Daily Events,confirmed,2026-06-12,Friday,2026-06,,Tally,https://tally.so/r/0Qa06A,form closed; no event content,False
event-7,https://www.instagram.com/p/DZSsCY4tgWk/,Event,Daily Events,pending,2026-06-12,Friday,2026-06,,Instagram,https://www.instagram.com/p/DZSsCY4tgWk/,Instagram login wall,False
the-pilates-social-reggaeton-edition-elevate-x-the-a-society,The Pilates Social: Reggaeton Edition - Elevate x The A Society,Event,Daily Events,pending,2026-06-12,Friday,2026-06,"Elevate Pilates, Greifswalder Str. 207, 10405 Berlin",Luma,https://luma.com/vnofh2w8,past event,True
fomo-x-the-delta-bad1-afterparty,FOMO x The Delta: BAD1 Afterparty,Event,Daily Events,confirmed,2026-06-12,Friday,2026-06,Berlin,Luma,https://luma.com/bad1afterparty,approval required,True
bad1-conference,BAD1 Conference,Event,Daily Events,confirmed,2026-06-12,Friday,2026-06,"The Delta, Neukölln, Berlin",Website,https://bad1.events/,,True
berlin-blockchain-week-2026,Berlin Blockchain Week 2026,Festival,All-Day Festivals & Conferences,pending,2026-06-13,Saturday,2026-06,Berlin,Website,https://blockchainweek.berlin/,13-21 June,True
entrepreneurship-sommerfest-camp-2026,Entrepreneurship Sommerfest & Camp 2026,Event,Daily Events,confirmed,2026-06-13,Saturday,2026-06,"Profund Innovation, Altensteinstrasse 40, 14195 Berlin",Google Forms,https://docs.google.com/forms/d/e/1FAIpQLScVwsEv6KPXMbikO21AHLAsvqyTJGj1Eb9mC9HKA1AREhSrhQ/viewform,Google Form,True
solana-summit-germany,Solana Summit Germany,Event,Daily Events,confirmed,2026-06-13,Saturday,2026-06,"Spreespeicher, Stralauer Allee 2, 10245 Berlin",Luma,https://luma.com/solanasummitgermany,,True
mobility-x-padel-beach-edition,MOBILITY x PADEL (Beach Edition),Event,Daily Events,pending,2026-06-13,Saturday,2026-06,"Padelhaus, Köpenicker Ch 11-14, 10317 Berlin",Luma,https://luma.com/858phbrs,€32,True
hands-up-community-run,Hands up Community Run,Event,Daily Events,pending,2026-06-13,Saturday,2026-06,"Kantstraße 26, 10623 Berlin",Luma,https://luma.com/olj9am5u,free,True
event-8,https://www.instagram.com/p/DZFOQFuCJSs/,Event,Daily Events,confirmed,2026-06-13,Saturday,2026-06,,Instagram,https://www.instagram.com/p/DZFOQFuCJSs/,Instagram login wall,False
event-9,https://www.instagram.com/p/DZH3sAzkvQw/,Event,Daily Events,confirmed,2026-06-13,Saturday,2026-06,,Instagram,https://www.instagram.com/p/DZH3sAzkvQw/,Instagram login wall,False
event-10,https://www.instagram.com/p/DZHukLPANhK/,Event,Daily Events,pending,2026-06-13,Saturday,2026-06,,Instagram,https://www.instagram.com/p/DZHukLPANhK/,Instagram login wall,False
event-11,https://www.instagram.com/p/DZFwCsTjk4M/,Event,Daily Events,pending,2026-06-13,Saturday,2026-06,,Instagram,https://www.instagram.com/p/DZFwCsTjk4M/,Instagram login wall,False
event-12,https://www.instagram.com/p/DZNeIpAgAML/,Event,Daily Events,confirmed,2026-06-13,Saturday,2026-06,,Instagram,https://www.instagram.com/p/DZNeIpAgAML/,Instagram login wall,False
berlin-blockchain-week-2026-2,Berlin Blockchain Week 2026,Event,Daily Events,confirmed,2026-06-13,Saturday,2026-06,Berlin,Website,https://blockchainweek.berlin/,13-21 June,True
igc-volunteering,IGC Volunteering,Event,Daily Events,pending,2026-06-13,Saturday,2026-06,"Viyana Café, Kottbusser Str. 4, 10999 Berlin",Luma,https://luma.com/ootr6ns8,past event,True
berlin-blockchain-week-2026-3,Berlin Blockchain Week 2026,Event,Daily Events,pending,2026-06-13,Saturday,2026-06,Berlin,Website,https://blockchainweek.berlin/,13-21 June,True
elysian-temple-viii,Elysian Temple VIII,Event,Daily Events,confirmed,2026-06-14,Sunday,2026-06,Berlin,Luma,https://luma.com/fcvmrgam,address hidden,True
event-13,https://www.instagram.com/p/DYsIQvVIVGr/,Event,Daily Events,pending,2026-06-14,Sunday,2026-06,,Instagram,https://www.instagram.com/p/DYsIQvVIVGr/,Instagram login wall,False
event-14,https://www.instagram.com/p/DY5L7bjx3K0/,Event,Daily Events,pending,2026-06-14,Sunday,2026-06,,Instagram,https://www.instagram.com/p/DY5L7bjx3K0/,Instagram login wall,False
berliner-weinfest,Berliner Weinfest,Event,Daily Events,confirmed,2026-06-14,Sunday,2026-06,Berlin,Website,https://www.berlinweinfest.de/,blocked/empty; title from URL,True
event-15,https://www.instagram.com/p/DZKLTclCICh/,Event,Daily Events,pending,2026-06-14,Sunday,2026-06,,Instagram,https://www.instagram.com/p/DZKLTclCICh/,Instagram login wall,False
event-16,https://www.instagram.com/p/DZIL0F8iLu6/,Event,Daily Events,pending,2026-06-14,Sunday,2026-06,,Instagram,https://www.instagram.com/p/DZIL0F8iLu6/,Instagram login wall,False
event-17,https://www.instagram.com/p/DZKxaOaCCT0/,Event,Daily Events,pending,2026-06-14,Sunday,2026-06,,Instagram,https://www.instagram.com/p/DZKxaOaCCT0/,Instagram login wall,False
event-18,https://www.instagram.com/p/DZKVJw8FaCU/,Event,Daily Events,pending,2026-06-14,Sunday,2026-06,,Instagram,https://www.instagram.com/p/DZKVJw8FaCU/,Instagram login wall,False
what-is-a-good-life-a-socratic-dialogue-agnes-callard-berisl,What is a Good Life? A Socratic Dialogue (Agnes Callard & Berislav Marušić),Event,Daily Events,pending,2026-06-14,Sunday,2026-06,"Reethaus, Flussbad, Berlin",Website,https://flussbad.com/event/socratic-dialogue/,€20,True
homecoming-dayoff-x-berlin-social-club,Homecoming | DAYOFF X BERLIN SOCIAL CLUB,Event,Daily Events,confirmed,2026-06-14,Sunday,2026-06,"Hotel Amano Eastside, Stralauer Pl. 30-31, 10243 Berlin",Luma,https://luma.com/qep7sot3,dayparty & public viewing,True
park-buchclub-juni-yesteryear,park.buchclub juni - YESTERYEAR,Event,Daily Events,confirmed,2026-06-14,Sunday,2026-06,"Buchkantine, Dortmunder Str. 1, 10555 Berlin",Luma,https://luma.com/14whxg3s,past event,True
berlin-designing-the-next-generation-of-ai-experiences,Berlin: Designing the Next Generation of AI Experiences,Event,Daily Events,confirmed,2026-06-15,Monday,2026-06,"SAP, George-Stephenson-Straße 7-13, 10557 Berlin",Meetup,https://www.meetup.com/projector-global-community/events/314859637/,,True
chainflip-social-run-berlin-blockchain-week,Chainflip Social Run - Berlin Blockchain Week,Event,Daily Events,confirmed,2026-06-15,Monday,2026-06,"Schlesische Str. 20, 10997 Berlin",Luma,https://luma.com/4uk00n6o,,True
arrtist-on-tour-berlin-2026,ARRtist on Tour Berlin 2026,Event,Daily Events,confirmed,2026-06-16,Tuesday,2026-06,"HubSpot, Am Postbahnhof 17, 10243 Berlin",Eventbrite,https://www.eventbrite.de/e/arrtist-on-tour-berlin-2026-tickets-1985497324947,,True
female-founders-contest-halbfinale-berlin,Female Founders Contest Halbfinale Berlin,Event,Daily Events,confirmed,2026-06-16,Tuesday,2026-06,"Investitionsbank Berlin, Bundesallee 210, 10719 Berlin",Rausgegangen,https://t.rausgegangen.de/tickets/ffc-berlin,,True
35-ai-series-eth-zurich-t-wimmer,#35 AI Series: ETH Zürich - T. Wimmer,Event,Daily Events,pending,2026-06-16,Tuesday,2026-06,"TU Berlin, Str. des 17. Juni 115, 10623 Berlin",Meetup,https://www.meetup.com/bliss-speaker-series/events/314165746/,,True
introduction-to-dax-user-defined-functions-udfs,Introduction to DAX User Defined Functions (UDFs),Event,Daily Events,pending,2026-06-16,Tuesday,2026-06,"studio location berlin, Köpenicker Str. 187-188, 10997 Berlin",Meetup,https://www.meetup.com/berlin-power-bi-user-group/events/313692296/,,True
ibm-bob-coding-watch-party-in-berlin,IBM Bob (Coding) Watch Party in Berlin,Event,Daily Events,pending,2026-06-16,Tuesday,2026-06,"IBM Berlin, Ella-Trebe-Straße 3, Berlin",Meetup,https://www.meetup.com/ibm-developers/events/314655561/,,True
ai-for-non-techies,AI for Non-Techies,Event,Daily Events,pending,2026-06-16,Tuesday,2026-06,"Teclead Ventures, Köpenicker Straße 126, 10179 Berlin",Meetup,https://www.meetup.com/ai-for-non-techies/events/314802310/,,True
berlincreators-elab-werkstattabend,berlinCreators eLAB-Werkstattabend,Event,Daily Events,pending,2026-06-16,Tuesday,2026-06,"berlinCreators e.V., Lehrter Str. 53, Berlin",Meetup,https://www.meetup.com/elab-makerspace/events/314829849/,recurring,True
toastmasters-public-speaking-effective-team-communication,Toastmasters Public Speaking - Effective Team Communication,Event,Daily Events,pending,2026-06-16,Tuesday,2026-06,"St. Lukas-Kirche, Bernburger Straße 4-5, 10963 Berlin",Meetup,https://www.meetup.com/become-a-better-speaker-at-center-berlin-toastmasters/events/313924342/,recurring,True
coworking-at-spittelmarkt,Coworking at Spittelmarkt,Event,Daily Events,pending,2026-06-16,Tuesday,2026-06,"Spittelmarkt, Berlin",Meetup,https://www.meetup.com/berlin-coworking-club/events/312626696/,recurring,True
work-in-progress-brainstorm-your-exit-strategy,Work in Progress — Brainstorm Your Exit Strategy,Event,Daily Events,pending,2026-06-16,Tuesday,2026-06,Berlin,Luma,https://luma.com/wtqnycgr,€15,True
saddle-up-special-featuring-rose-miles-aka-easy-rider,"Saddle Up Special: Featuring Rose Miles, aka Easy Rider",Event,Daily Events,pending,2026-06-16,Tuesday,2026-06,"Belushi's Berlin, Ziegelstraße 28, 10117 Berlin",Luma,https://luma.com/a8uk0ms6,waitlist,True
speak-lead-and-connect-with-first-berlin-toastmasters,"Speak, Lead, and Connect with First Berlin Toastmasters",Event,Daily Events,pending,2026-06-17,Wednesday,2026-06,"St. Lukas Church, Bernburger Str. 3-5, Berlin",Meetup,https://www.meetup.com/english-communication-and-leadership-and-feedback-training/events/312877455/,recurring,True
angels-beers-investors-only,Angels & Beers - Investors only,Event,Daily Events,pending,2026-06-17,Wednesday,2026-06,"Secret venue, Berlin",Meetup,https://www.meetup.com/berlinstartups/events/314178212/,investors only,True
prompt-x-purchase-a-bitrefill-hackathon,PROMPT x PURCHASE — A Bitrefill Hackathon,Event,Daily Events,confirmed,2026-06-17,Wednesday,2026-06,"Mena Berlin, Skalitzer Str. 114, 10999 Berlin",Luma,https://luma.com/internetmoneyhack,Blockspäti Berlin,True
event-19,https://www.instagram.com/p/DZHd6m4A8Uq/,Event,Daily Events,pending,2026-06-17,Wednesday,2026-06,,Instagram,https://www.instagram.com/p/DZHd6m4A8Uq/,Instagram login wall,False
ai-tinkerers-berlin,AI Tinkerers Berlin,Event,Daily Events,confirmed,2026-06-17,Wednesday,2026-06,Berlin,Website,https://berlin.aitinkerers.org/p/ai-tinkerers-berlin-june-17-2026,blocked/empty; date from URL,True
berlin-girls-social-presents-queen-s-court,Berlin Girls Social presents: Queen's Court 🎾👑,Opportunity,Top Events & Opportunities,confirmed,2026-06-18,Thursday,2026-06,"PadelCity Berlin, Emma-Herwegh-Straße, 10557 Berlin",Luma,https://luma.com/in7bk2zv,women-only padel night,True
berlin-girls-social-presents-queen-s-court-2,Berlin Girls Social presents: Queen's Court 🎾👑,Opportunity,Top Events,confirmed,2026-06-18,Thursday,2026-06,"PadelCity Berlin, Emma-Herwegh-Straße, 10557 Berlin",Luma,https://luma.com/in7bk2zv,women-only padel night,True
berlin-girls-social-presents-queen-s-court-3,Berlin Girls Social presents: Queen's Court 🎾👑,Event,Daily Events,confirmed,2026-06-18,Thursday,2026-06,"PadelCity Berlin, Emma-Herwegh-Straße, 10557 Berlin",Luma,https://luma.com/in7bk2zv,women-only padel night,True
desci-berlin-2026,DeSci.Berlin 2026,Event,Daily Events,pending,2026-06-18,Thursday,2026-06,"KÖNIG GALERIE, Alexandrinenstraße 118-121, 10969 Berlin",Luma,https://luma.com/desciberlin2026,18-19 June; approval required,True
web3-summit-2026-berlin,Web3 Summit 2026 Berlin,Event,Daily Events,pending,2026-06-18,Thursday,2026-06,Funkhaus Berlin,Website,https://web3summit.com/,18-19 June festival,True
summer-pitch-event,Summer Pitch Event,Event,Daily Events,pending,2026-06-18,Thursday,2026-06,"NEEW Ventures, Berliner Str. 80-82, 13189 Berlin",Luma,https://luma.com/1lk36q2z,,True
love-block-party-at-the-blockspati-w-gnosis,LOVE BLOCK Party at The Blockspäti w/ Gnosis,Event,Daily Events,pending,2026-06-18,Thursday,2026-06,Berlin,Luma,https://luma.com/loveblock,address hidden,True
gradient-04-x-mokka,Gradient 04 x Mokka,Event,Daily Events,pending,2026-06-19,Friday,2026-06,"Mokka Mitte Bar, Hackescher Markt, Berlin",Luma,https://luma.com/b279nbn6,rescheduled from 13 to 19 June,True
fuckup-days-at-impacthub-berlin,Fuckup Days at ImpactHub Berlin,Event,Daily Events,pending,2026-06-19,Friday,2026-06,"Impact Hub Berlin, Rollbergstraße 28A, 12053 Berlin",Meetup,https://www.meetup.com/fuckup-days-coworking/events/314178618/,,True
hands-on-with-claude-code-ai-skills-for-non-developers-in-2-,Hands-On with Claude Code: AI Skills for Non Developers in 2 Hours,Event,Daily Events,pending,2026-06-19,Friday,2026-06,"CIC Berlin, Lohmühlenstraße 65, 12435 Berlin",Luma,https://luma.com/0yhx23d8,,True
opening-no-place-like-home-by-lee-shulman,Opening: No Place Like Home by Lee Shulman,Event,Daily Events,pending,2026-06-19,Friday,2026-06,"Fotografiska Berlin, Oranienburger Str. 54, Berlin",Website,https://tickets-berlin.fotografiska.com/productDetail/139465,,True
saucony-berlin-10k-week-the-rolling-mile-x-mystik-runners-sh,Saucony Berlin 10K Week: The Rolling Mile x Mystik Runners Shakeout,Event,Daily Events,pending,2026-06-19,Friday,2026-06,"Oranienstraße 58, 10969 Berlin",Luma,https://luma.com/ake00qa8,,True
block-berlin-fashion-show-launch,[Block] Berlin Fashion Show Launch,Event,Daily Events,pending,2026-06-19,Friday,2026-06,"Mena Berlin, Skalitzer Str. 114, 10999 Berlin",Luma,https://luma.com/blockberlaunch,,True
event-20,https://www.instagram.com/p/DZKrQ39DUfi/,Event,Daily Events,pending,2026-06-20,Saturday,2026-06,,Instagram,https://www.instagram.com/p/DZKrQ39DUfi/,Instagram login wall,False
the-examined-leader-1-day-retreat,The Examined Leader — 1-Day Retreat,Event,Daily Events,pending,2026-06-20,Saturday,2026-06,"Impact Hub Berlin, Rollbergstraße 28A, 12053 Berlin",Luma,https://luma.com/19ipblom,,True
ai-x-energy-hackathon,AI x ENERGY HACKATHON,Event,Daily Events,pending,2026-06-20,Saturday,2026-06,Berlin,Luma,https://luma.com/AIxENERGY-HACK,address hidden,True
berlin-robotics-x-ai-hackathon,Berlin Robotics X AI Hackathon,Event,Daily Events,pending,2026-06-20,Saturday,2026-06,Berlin,Luma,https://luma.com/1857f2wa,,True
fete-de-la-musique,Fête de la Musique,Event,Daily Events,pending,2026-06-21,Sunday,2026-06,various locations across Berlin,Website,https://www.berlin.de/fr/evenements/2102143-3000868-fete-de-la-musique.fr.html,,True
tio-tio-x-grunderszene,TIO TIO x Gründerszene,Event,Daily Events,pending,2026-06-21,Sunday,2026-06,"TIO TIO Padel Berlin Rooftop, Marktstraße 6, 10317 Berlin",Luma,https://luma.com/9screuy1,,True
book-salon-3-pitch-a-book,Book Salon #3 – Pitch a Book!,Event,Daily Events,pending,2026-06-21,Sunday,2026-06,"Avomind, Schwedter Str. 263, Berlin",Luma,https://luma.com/i4pjs0w8,,True
koscheres-streetfood-festival-berlin-2026,Koscheres Streetfood-Festival Berlin 2026,Event,Daily Events,pending,2026-06-21,Sunday,2026-06,"Hof der Neuen Synagoge, Oranienburger Str. 28-31, 10117 Berlin",Website,https://www.juedische-kulturtage.org/street-food,,True
event-21,https://www.instagram.com/p/DY4K-iSAPZ8/,Event,Daily Events,pending,2026-06-21,Sunday,2026-06,,Instagram,https://www.instagram.com/p/DY4K-iSAPZ8/,Instagram login wall,False
drag-brunch,Drag Brunch,Event,Daily Events,pending,2026-06-21,Sunday,2026-06,Berlin,Rausgegangen,https://rausgegangen.de/en/events/drag-brunch-20/,,True
dia-del-ceviche-open-house,Día del Ceviche Open House,Event,Daily Events,pending,2026-06-21,Sunday,2026-06,Berlin,Website,https://sabinehueck.de/event/dia-del-ceviche-open-house-2/,blocked/empty; title from URL,True
event-22,https://www.instagram.com/p/DZJ6EBDFYEg/,Event,Daily Events,pending,2026-06-21,Sunday,2026-06,,Instagram,https://www.instagram.com/p/DZJ6EBDFYEg/,Instagram login wall,False
funding-your-way-a-founder-s-guide-to-raising-capital,Funding Your Way: A Founder's Guide to Raising Capital,Event,Daily Events,pending,2026-06-22,Monday,2026-06,Berlin,Luma,https://luma.com/4s8o24qq,side event to K5 Conference,True
the-smarter-e-europe,The smarter E Europe,Event,Daily Events,pending,2026-06-23,Tuesday,2026-06,Messe München,Website,https://www.thesmartere.de/home,"Munich, not Berlin",True
high-risk-hr-preparing-your-people-team-for-the-eu-ai-act,High-Risk HR: Preparing Your People Team for the EU AI Act,Event,Daily Events,pending,2026-06-23,Tuesday,2026-06,"BIT - Beam Institute of Technology, Genthiner Str. 40, 10785 Berlin",Luma,https://luma.com/ala06e9e,,True
mental-matters-by-kira-marie-cremer-x-techniker-krankenkasse,'Mental Matters' by Kira Marie Cremer x Techniker Krankenkasse,Event,Daily Events,pending,2026-06-24,Wednesday,2026-06,"Mindspace Kurfürstendamm, Berlin",Website,https://kiramariecremer.de/mental-matters,roadshow,True
mobile-de-the-big-secret-summer-community-event,Mobile.de: THE BIG SECRET SUMMER COMMUNITY EVENT,Event,Daily Events,pending,2026-06-24,Wednesday,2026-06,"mobile.de HQ, Berlin",Luma,https://luma.com/jcru7jsl,address hidden,True
event-23,https://www.instagram.com/p/DZKIsNCIh9D/,Event,Daily Events,pending,2026-06-24,Wednesday,2026-06,,Instagram,https://www.instagram.com/p/DZKIsNCIh9D/,Instagram login wall,False
know-your-numbers-the-biomarkers-that-matter-for-longevity,KNOW YOUR NUMBERS: The Biomarkers That Matter for Longevity,Event,Daily Events,pending,2026-06-24,Wednesday,2026-06,"Jodel Office, Wilhelmstraße 118, 10963 Berlin",Luma,https://luma.com/age-f2wp,,True
founders-friends-berlin-meetup-summer-party,Founders & Friends Berlin Meetup - Summer Party,Event,Daily Events,pending,2026-06-24,Wednesday,2026-06,"Playground Berlin, Adlergestell 105, 12439 Berlin",Luma,https://luma.com/892812u8,,True
event-24,https://www.instagram.com/p/DZMsrxtCGmm/,Event,Daily Events,pending,2026-06-24,Wednesday,2026-06,,Instagram,https://www.instagram.com/p/DZMsrxtCGmm/,Instagram login wall,False
to-customer-value-and-beyond-by-addressable,To Customer Value and Beyond by addressable,Event,Daily Events,pending,2026-06-25,Thursday,2026-06,"SAP SE, George-Stephenson-Str. 7-11, 10557 Berlin",Luma,https://luma.com/knwtu12s,,True
event-25,https://www.instagram.com/p/DWy453lCN7J/,Event,Daily Events,confirmed,2026-06-26,Friday,2026-06,,Instagram,https://www.instagram.com/p/DWy453lCN7J/,Instagram login wall,False
n8n-berlin-community-meetup-rooftop-edition,n8n Berlin Community Meetup - Rooftop Edition,Event,Daily Events,pending,2026-06-26,Friday,2026-06,"Impact Hub Berlin, Rollbergstraße 28A, 12053 Berlin",Luma,https://luma.com/n8n-vvb3,,True
kreuzberg-festival-bergmannstraenfest,Kreuzberg Festival (Bergmannstraßenfest),Event,Daily Events,pending,2026-06-26,Friday,2026-06,"Bergmannstraße, 10961 Berlin",Website,https://www.berlin.de/en/events/1934675-2842498-bergmannstrassenfest.en.html,26-28 June; free,True
event-26,https://www.instagram.com/reel/DYo_L3diaQz/,Event,Daily Events,pending,2026-06-28,Sunday,2026-06,,Instagram,https://www.instagram.com/reel/DYo_L3diaQz/,Instagram login wall,False
1-hour-reading-rave-with-live-music-volkspark-am-weinberg,1-Hour Reading Rave with Live Music | Volkspark am Weinberg,Event,Daily Events,pending,2026-06-28,Sunday,2026-06,"Volkspark am Weinberg, Veteranenstraße 9, 10119 Berlin",Luma,https://luma.com/the-3vx2,free outdoor,True
event-27,https://www.instagram.com/p/DZDBXFDIN01/,Event,Daily Events,pending,2026-06-28,Sunday,2026-06,,Instagram,https://www.instagram.com/p/DZDBXFDIN01/,Instagram login wall,False
stripe-tour-berlin-2026,Stripe Tour Berlin 2026,Event,Daily Events,pending,2026-06-30,Tuesday,2026-06,"Estrel Berlin, Sonnenallee 225, 12057 Berlin",Website,https://stripetour.com/berlin,,True
taste-your-startup,Taste your Startup,Event,Daily Events,pending,2026-06-30,Tuesday,2026-06,Berlin,Luma,https://luma.com/ufxubu91,,True
business-creator-summit-bcs,Business Creator Summit (BCS),Event,Daily Events,pending,2026-06-30,Tuesday,2026-06,Kulturbrauerei Berlin,Website,https://www.business-creator-summit.com/,,True
off-the-record-berlin,Off the Record - Berlin,Event,Daily Events,pending,2026-06-30,Tuesday,2026-06,"KINK Bar & Restaurant, Schönhauser Allee 176, 10119 Berlin",Luma,https://luma.com/djv96z6b,,True
berlin-shanghai-night,Berlin × Shanghai Night,Event,Daily Events,pending,2026-06-30,Tuesday,2026-06,Berlin,Luma,https://luma.com/98r3k410,,True
money-money-money-with-stock-market,Money Money Money... with Stock Market,Event,Daily Events,pending,2026-07-01,Wednesday,2026-07,"betahaus Moritzplatz, Lobeckstraße 30, 10969 Berlin",Luma,https://luma.com/stpl5828,,True
berlin-deep-tech-nexus-meetup-12-escp,Berlin Deep Tech Nexus Meetup #12 @ ESCP,Event,Daily Events,pending,2026-07-01,Wednesday,2026-07,"ESCP Business School Berlin, Heubnerweg 8-10, 14059 Berlin",Luma,https://luma.com/aumzljqi,,True
wellbeing-festival,Wellbeing Festival,Event,Daily Events,pending,2026-07-03,Friday,2026-07,"nook Lakehouse, Bad Saarow",Website,https://www.nooksociety.com/Wellbeing-Festival,,True
the-slow-weekend,The Slow Weekend,Event,Daily Events,pending,2026-07-03,Friday,2026-07,Brandenburg,Website,https://www.elevateretreats.de/the-slow-weekend,blocked/empty; title from URL,True
people-culture-dinner-vol-2-africa-capital-and-connect,People & Culture Dinner Vol 2: Africa Capital and Connect,Event,Daily Events,pending,2026-07-03,Friday,2026-07,Berlin,Luma,https://luma.com/q5o4xu1t,,True
event-28,https://www.instagram.com/p/DY4BNXpsrRZ/,Event,Daily Events,pending,2026-07-04,Saturday,2026-07,,Instagram,https://www.instagram.com/p/DY4BNXpsrRZ/,Instagram login wall,False
wearedevelopers-world-congress,WeAreDevelopers World Congress,Event,Daily Events,confirmed,2026-07-08,Wednesday,2026-07,Berlin,Website,https://www.wearedevelopers.com/world-congress,8-10 July,True
classic-open-air-on-gendarmenmarkt,Classic Open Air on Gendarmenmarkt,Event,Daily Events,pending,2026-07-09,Thursday,2026-07,"Gendarmenmarkt, Berlin",Website,https://www.berlin.de/en/events/2096841-2842498-classic-open-air-at-gendarmenmarkt.en.html,9-14 July,True
event-29,https://www.instagram.com/p/DZFiyA4taJZ/,Event,Daily Events,pending,2026-07-11,Saturday,2026-07,,Instagram,https://www.instagram.com/p/DZFiyA4taJZ/,Instagram login wall,False
hec-essec-escp-bastille-day-alumni-meetup-berlin,HEC ESSEC ESCP - Bastille Day - Alumni Meetup Berlin,Event,Daily Events,confirmed,2026-07-14,Tuesday,2026-07,"Café am Neuen See, Berlin",Luma,https://luma.com/23l7b7aw,,True
udk-rundgang-open-days,UdK Rundgang - Open Days,Event,Daily Events,pending,2026-07-18,Saturday,2026-07,"Various locations, Berlin (UdK)",Website,https://www.udk-berlin.de/en/event/rundgang-2025/,page shows 2025 edition,True
lesbian-and-gay-city-festival-stadtfest,Lesbian and Gay City Festival (Stadtfest),Event,Daily Events,pending,2026-07-18,Saturday,2026-07,"Nollendorfplatz, Berlin-Schöneberg",Website,https://www.stadtfest.berlin/en/index.html,18-19 July,True
lollapalooza-berlin,Lollapalooza Berlin,Event,Daily Events,pending,2026-07-18,Saturday,2026-07,"Olympiastadion & Olympiapark, Berlin",Website,https://www.lollapaloozade.com/en,18-19 July,True
berliner-csd-christopher-street-day,Berliner CSD (Christopher Street Day),Event,Daily Events,pending,2026-07-25,Saturday,2026-07,Berlin,Website,https://csd-berlin.de/,date approximate,True
britzer-gartennacht-2026,Britzer Gartennacht 2026,Event,Daily Events,pending,2026-07-26,Sunday,2026-07,"Britzer Garten, Berlin",Website,https://www.botanische-nacht.de/,redirects; date uncertain,True
tanz-im-august-internationales-tanzfestival-berlin,Tanz im August - Internationales Tanzfestival Berlin,Event,Daily Events,pending,2026-08-28,Friday,2026-08,"HAU Hebbel am Ufer & various, Berlin",Website,https://www.tanzimaugust.de/ueber-uns,about page,True
pistachio-street-food-festival,Pistachio Street Food Festival,Event,Daily Events,pending,2026-08-29,Saturday,2026-08,Berlin,Website,https://true-italian.com/pistachio-street-food-festival/,29-30 August,True
productlab-conference,Productlab Conference,Event,Daily Events,pending,2026-09-15,Tuesday,2026-09,Berlin,Website,https://productlab.app/#tickets,15-17 Sept,True
berlin-ai-day-by-buildersklub,Berlin AI Day by Buildersklub,Event,Daily Events,pending,2026-09-15,Tuesday,2026-09,"Festsaal Kreuzberg, Berlin",Luma,https://luma.com/kco33yis,,True
agetechx-2026,AGETECHX 2026,Event,Daily Events,pending,2026-10-05,Monday,2026-10,Berlin,Luma,https://luma.com/agetechx-berlin,5-6 Oct,True
von-diesel-zu-elektro-die-zukunft-der-baustellen,Von Diesel zu Elektro: Die Zukunft der Baustellen,Event,Daily Events,pending,2026-10-09,Friday,2026-10,Berlin,Luma,https://luma.com/zmyccy0w,past event,True
crebernik-big-news-from-ewor-60-activity-7324764756005826561,https://www.linkedin.com/posts/crebernik_𝗕𝗶𝗴-𝗻𝗲𝘄𝘀-𝗳𝗿𝗼𝗺-𝗘𝗪𝗢𝗥-60-activity-7324764756005826561-gCeT,Editorial,Shout-out,confirmed,,,,,LinkedIn,https://www.linkedin.com/posts/crebernik_𝗕𝗶𝗴-𝗻𝗲𝘄𝘀-𝗳𝗿𝗼𝗺-𝗘𝗪𝗢𝗥-60-activity-7324764756005826561-gCeT,blocked (LinkedIn login/auth wall),False
say-hello-to-your-new-favourite-summer-drink-all-dae-hard-se,Say hello to your new favourite summer drink: all dae hard seltzer — alcoholic sparkling water. Developed by a mixologist in three unique and delicious flavo...,Editorial,Shout-out,confirmed,,,,,Text,,,False
soups-onigiris-by-onibar-whether-it-s-a-casual-gathering-or-,"Soups & Onigiris by ONIBAR. Whether it's a casual gathering or a formal occasion, ONIBAR brings their bold flavors of Onigiris straight to you. Reach out her...",Sponsor,Main Sponsor,confirmed,,,,,Text,,,False
the-league,The League,Sponsor,Main Sponsor,pending,,,,,Text,,,False
n8n-berlin-community-meetup,n8n Berlin Community Meetup,Opportunity,Top Events & Opportunities,confirmed,,,,"Impact Hub Berlin, Rollbergstraße 28A, 12053 Berlin",Luma,https://luma.com/2hel1ifq,waitlist only,True
andreas-klinger-prototype,Andreas Klinger @ PROTOTYPE,Spotlight,Spotlight & Opportunities,confirmed,,,,,YouTube,https://www.youtube.com/@prototypecap,"YouTube channel, not an event",True
we-re-hiring-senior-associate-or-principal,We're hiring: Senior Associate or Principal,Spotlight,Spotlight & Opportunities,pending,,,,,LinkedIn,https://www.linkedin.com/posts/philipp-buddemeier_were-hiring-senior-associate-or-principal-share-7454497608858923009-YHeT,LinkedIn job post; login wall,True
beyond-the-ai-hype-wo-wir-wirklich-stehen-und-was-uns-erwart,Beyond the AI hype: Wo wir wirklich stehen und was uns erwartet,Spotlight,Spotlight & Opportunities,pending,,,,,YouTube,https://www.youtube.com/watch?v=YNavwk7qk24,YouTube video (OMR),True
women-startup-award,Women Startup Award,Spotlight,Spotlight & Opportunities,pending,,,,"UnternehmerTUM, Garching b. München",Website,http://unternehmertum.de/en/landingpages/women-startup-award,award program; application deadline 2026-06-15,True
festtage-2026-staatsoper,Festtage 2026 (Staatsoper),Festival,All-Day Festivals & Conferences,confirmed,,,,"Staatsoper Unter den Linden, Berlin",Website,https://www.staatsoper-berlin.de/de/spielplan/festtage-2026/,page blocked/empty; title from URL,True
